ddpg/stats_g/mean,ddpg/stats_g/std,ddpg/stats_o/mean,ddpg/stats_o/std,epoch,test/episode,test/mean_Q,test/success_rate,test/sum_rewards,test/timesteps,time_eval,time_rollout,time_train,time_ve,timesteps,train/actor_loss,train/critic_loss,train/episode,train/success_rate,train/sum_rewards,train/timesteps,ve/loss,ve/stats_disag/mean,ve/stats_disag/std,ve/stats_g/mean,ve/stats_g/std,ve/stats_o/mean,ve/stats_o/std
-0.03945546,0.38440377,-0.057095185,0.22232804,0,10.0,-2.906821,0.0,-49.0,500.0,0.307023286819458,5.064345121383667,23.501300811767578,282.96511912345886,2500,-0.68068093,0.031993713,50.0,0.18,-43.34,2500.0,0.0035467793,0.06665823,0.04941882,0.030465284,0.53632224,-0.056523427,0.2236794
0.014843255,0.37013847,0.007981062,0.24591437,1,20.0,-4.758923,0.1,-44.1,1000.0,0.29904937744140625,5.176381587982178,24.11603879928589,286.46038460731506,5000,-0.92684644,0.020267483,100.0,0.24,-38.32,5000.0,0.001996783,0.11513133,0.08691307,0.0547495,0.51624197,0.008864075,0.24747594
-0.035615653,0.4354372,-0.047646016,0.38718694,2,30.0,-5.4191313,0.1,-44.5,1500.0,0.2927870750427246,5.111007452011108,24.28023076057434,275.2883310317993,7500,-1.2570899,0.024605526,150.0,0.2,-40.56,7500.0,0.0033398988,0.096041515,0.112388164,0.026351586,0.5033251,-0.047760457,0.38830727
-0.03755805,0.426603,-0.047194585,0.368783,3,40.0,-6.1113863,0.2,-39.7,2000.0,0.3087656497955322,5.199478387832642,24.556676149368286,277.0584087371826,10000,-1.5943063,0.024988825,200.0,0.36,-31.7,10000.0,0.00439813,0.11352083,0.10306653,0.010643799,0.5203464,-0.04680586,0.3695284
-0.09512466,0.43058813,-0.10898429,0.37797585,4,50.0,-8.752593,0.1,-44.7,2500.0,0.24051713943481445,5.145143032073975,24.238399744033813,279.2103760242462,12500,-1.68648,0.0239153,250.0,0.4,-29.32,12500.0,0.0072530983,0.25981438,0.22039464,-0.031197555,0.5155331,-0.10943766,0.37854528
-0.08445355,0.43697226,-0.09538847,0.3934525,5,60.0,-9.032298,0.2,-39.6,3000.0,0.25139665603637695,5.105592727661133,24.35050892829895,279.07160568237305,15000,-1.7617991,0.0234043,300.0,0.42,-30.48,15000.0,0.009333238,0.31088725,0.2723005,-0.031314466,0.50988674,-0.09571087,0.39294475
