ddpg/stats_g/mean,ddpg/stats_g/std,ddpg/stats_o/mean,ddpg/stats_o/std,epoch,test/episode,test/mean_Q,test/success_rate,test/sum_rewards,test/timesteps,time_eval,time_rollout,time_train,time_ve,timesteps,train/actor_loss,train/critic_loss,train/episode,train/success_rate,train/sum_rewards,train/timesteps,ve/loss,ve/stats_disag/mean,ve/stats_disag/std,ve/stats_g/mean,ve/stats_g/std,ve/stats_o/mean,ve/stats_o/std
-0.08425192,0.43580726,-0.11007176,0.4025083,0,10.0,-2.3615773,0.3,-34.9,500.0,0.8716974258422852,11.554509162902832,68.38589119911194,824.5335915088654,2500,-0.8471978,0.034147654,50.0,0.2,-41.22,2500.0,0.0032176452,0.07335178,0.047683973,0.027739372,0.5116558,-0.112083286,0.40207797
-0.1238697,0.45892158,-0.14940083,0.4404041,1,20.0,-4.357099,0.1,-44.1,1000.0,0.8175654411315918,11.599208116531372,67.16666865348816,798.3308200836182,5000,-1.1796513,0.027270168,100.0,0.34,-35.32,5000.0,0.001972582,0.13433093,0.09451712,-0.034972657,0.515568,-0.15067178,0.43922177
